<?xml version="1.0" encoding="UTF-8"?>
<config xmlns="http://www.knime.org/2008/09/XMLConfig" xmlns:xsi="http://www.w3.org/2001/XMLSchema-instance" xsi:schemaLocation="http://www.knime.org/2008/09/XMLConfig http://www.knime.org/XMLConfig_2008_09.xsd" key="filestore">
<config key="filestore_keys">
<config key="filestore_key_0">
<entry key="storeUUID" type="xstring" value="da4edef1-89fb-4b1c-b458-61f4e262784d"/>
<entry key="index" type="xint" value="0"/>
<entry key="name" type="xstring" value="78ddd246-98b5-4d76-a0ab-3a1e1cb6f527"/>
<entry key="iterationIndex" type="xint" value="-1"/>
</config>
</config>
</config>
