<?xml version="1.0" encoding="UTF-8"?>
<config xmlns="http://www.knime.org/2008/09/XMLConfig" xmlns:xsi="http://www.w3.org/2001/XMLSchema-instance" xsi:schemaLocation="http://www.knime.org/2008/09/XMLConfig http://www.knime.org/XMLConfig_2008_09.xsd" key="filestore">
<config key="filestore_keys">
<config key="filestore_key_0">
<entry key="storeUUID" type="xstring" value="99f7a568-74c7-4516-8a16-2c3cd1d5b03a"/>
<entry key="index" type="xint" value="0"/>
<entry key="name" type="xstring" value="9c015716-7673-45a9-ae0c-ac9f9ac465b2"/>
<entry key="iterationIndex" type="xint" value="-1"/>
</config>
</config>
</config>
