<?xml version="1.0" encoding="UTF-8"?>
<config xmlns="http://www.knime.org/2008/09/XMLConfig" xmlns:xsi="http://www.w3.org/2001/XMLSchema-instance" xsi:schemaLocation="http://www.knime.org/2008/09/XMLConfig http://www.knime.org/XMLConfig_2008_09.xsd" key="filestore">
<config key="filestore_keys">
<config key="filestore_key_0">
<entry key="storeUUID" type="xstring" value="1d86f559-88ec-4983-9a79-de1b4449fa03"/>
<entry key="index" type="xint" value="0"/>
<entry key="name" type="xstring" value="1ae4910e-9711-4644-96e1-75a9c9952102"/>
<entry key="iterationIndex" type="xint" value="-1"/>
</config>
</config>
</config>
