<?xml version="1.0" encoding="UTF-8"?>
<config xmlns="http://www.knime.org/2008/09/XMLConfig" xmlns:xsi="http://www.w3.org/2001/XMLSchema-instance" xsi:schemaLocation="http://www.knime.org/2008/09/XMLConfig http://www.knime.org/XMLConfig_2008_09.xsd" key="viewRepresentation">
<entry key="tableID" type="xstring" value="de3ae2f6-aeec-4aa9-927c-fe3fd966165f"/>
<config key="curveSettings">
<config key="P (EXTRA_BAGGAGE=1)Result_">
<config key="x_values">
<entry key="array-size" type="xint" value="662"/>
<entry key="0" type="xdouble" value="0.0"/>
<entry key="1" type="xdouble" value="0.0"/>
<entry key="2" type="xdouble" value="0.0"/>
<entry key="3" type="xdouble" value="0.0"/>
<entry key="4" type="xdouble" value="0.0"/>
<entry key="5" type="xdouble" value="0.0"/>
<entry key="6" type="xdouble" value="3.33555703802535E-4"/>
<entry key="7" type="xdouble" value="3.33555703802535E-4"/>
<entry key="8" type="xdouble" value="6.6711140760507E-4"/>
<entry key="9" type="xdouble" value="0.0010006671114076052"/>
<entry key="10" type="xdouble" value="0.0010006671114076052"/>
<entry key="11" type="xdouble" value="0.0010006671114076052"/>
<entry key="12" type="xdouble" value="0.0010006671114076052"/>
<entry key="13" type="xdouble" value="0.0010006671114076052"/>
<entry key="14" type="xdouble" value="0.0010006671114076052"/>
<entry key="15" type="xdouble" value="0.0010006671114076052"/>
<entry key="16" type="xdouble" value="0.001667778519012675"/>
<entry key="17" type="xdouble" value="0.001667778519012675"/>
<entry key="18" type="xdouble" value="0.0020013342228152103"/>
<entry key="19" type="xdouble" value="0.0023348899266177454"/>
<entry key="20" type="xdouble" value="0.0023348899266177454"/>
<entry key="21" type="xdouble" value="0.00266844563042028"/>
<entry key="22" type="xdouble" value="0.00266844563042028"/>
<entry key="23" type="xdouble" value="0.004002668445630421"/>
<entry key="24" type="xdouble" value="0.004002668445630421"/>
<entry key="25" type="xdouble" value="0.0066711140760507"/>
<entry key="26" type="xdouble" value="0.0066711140760507"/>
<entry key="27" type="xdouble" value="0.007004669779853236"/>
<entry key="28" type="xdouble" value="0.008005336891260841"/>
<entry key="29" type="xdouble" value="0.008338892595063376"/>
<entry key="30" type="xdouble" value="0.008338892595063376"/>
<entry key="31" type="xdouble" value="0.009006004002668445"/>
<entry key="32" type="xdouble" value="0.009006004002668445"/>
<entry key="33" type="xdouble" value="0.009339559706470981"/>
<entry key="34" type="xdouble" value="0.01000667111407605"/>
<entry key="35" type="xdouble" value="0.0133422281521014"/>
<entry key="36" type="xdouble" value="0.013675783855903937"/>
<entry key="37" type="xdouble" value="0.014009339559706471"/>
<entry key="38" type="xdouble" value="0.01467645096731154"/>
<entry key="39" type="xdouble" value="0.015010006671114077"/>
<entry key="40" type="xdouble" value="0.015010006671114077"/>
<entry key="41" type="xdouble" value="0.016010673782521682"/>
<entry key="42" type="xdouble" value="0.016010673782521682"/>
<entry key="43" type="xdouble" value="0.016010673782521682"/>
<entry key="44" type="xdouble" value="0.017011340893929285"/>
<entry key="45" type="xdouble" value="0.017678452301534357"/>
<entry key="46" type="xdouble" value="0.01801200800533689"/>
<entry key="47" type="xdouble" value="0.018679119412941963"/>
<entry key="48" type="xdouble" value="0.018679119412941963"/>
<entry key="49" type="xdouble" value="0.019012675116744496"/>
<entry key="50" type="xdouble" value="0.0200133422281521"/>
<entry key="51" type="xdouble" value="0.0200133422281521"/>
<entry key="52" type="xdouble" value="0.0200133422281521"/>
<entry key="53" type="xdouble" value="0.02068045363575717"/>
<entry key="54" type="xdouble" value="0.021014009339559707"/>
<entry key="55" type="xdouble" value="0.021014009339559707"/>
<entry key="56" type="xdouble" value="0.021014009339559707"/>
<entry key="57" type="xdouble" value="0.02134756504336224"/>
<entry key="58" type="xdouble" value="0.02134756504336224"/>
<entry key="59" type="xdouble" value="0.02134756504336224"/>
<entry key="60" type="xdouble" value="0.02134756504336224"/>
<entry key="61" type="xdouble" value="0.02134756504336224"/>
<entry key="62" type="xdouble" value="0.021681120747164776"/>
<entry key="63" type="xdouble" value="0.022014676450967312"/>
<entry key="64" type="xdouble" value="0.022014676450967312"/>
<entry key="65" type="xdouble" value="0.022014676450967312"/>
<entry key="66" type="xdouble" value="0.023015343562374918"/>
<entry key="67" type="xdouble" value="0.023015343562374918"/>
<entry key="68" type="xdouble" value="0.023015343562374918"/>
<entry key="69" type="xdouble" value="0.02334889926617745"/>
<entry key="70" type="xdouble" value="0.02334889926617745"/>
<entry key="71" type="xdouble" value="0.02334889926617745"/>
<entry key="72" type="xdouble" value="0.02334889926617745"/>
<entry key="73" type="xdouble" value="0.02401601067378252"/>
<entry key="74" type="xdouble" value="0.024349566377585057"/>
<entry key="75" type="xdouble" value="0.024349566377585057"/>
<entry key="76" type="xdouble" value="0.024683122081387593"/>
<entry key="77" type="xdouble" value="0.025016677785190126"/>
<entry key="78" type="xdouble" value="0.025016677785190126"/>
<entry key="79" type="xdouble" value="0.025016677785190126"/>
<entry key="80" type="xdouble" value="0.025350233488992662"/>
<entry key="81" type="xdouble" value="0.025350233488992662"/>
<entry key="82" type="xdouble" value="0.0266844563042028"/>
<entry key="83" type="xdouble" value="0.0266844563042028"/>
<entry key="84" type="xdouble" value="0.0266844563042028"/>
<entry key="85" type="xdouble" value="0.027018012008005337"/>
<entry key="86" type="xdouble" value="0.027018012008005337"/>
<entry key="87" type="xdouble" value="0.027018012008005337"/>
<entry key="88" type="xdouble" value="0.027351567711807873"/>
<entry key="89" type="xdouble" value="0.027685123415610406"/>
<entry key="90" type="xdouble" value="0.027685123415610406"/>
<entry key="91" type="xdouble" value="0.032354903268845894"/>
<entry key="92" type="xdouble" value="0.032354903268845894"/>
<entry key="93" type="xdouble" value="0.035356904603068715"/>
<entry key="94" type="xdouble" value="0.03569046030687125"/>
<entry key="95" type="xdouble" value="0.037358238825883926"/>
<entry key="96" type="xdouble" value="0.038692461641094064"/>
<entry key="97" type="xdouble" value="0.03935957304869913"/>
<entry key="98" type="xdouble" value="0.03935957304869913"/>
<entry key="99" type="xdouble" value="0.03935957304869913"/>
<entry key="100" type="xdouble" value="0.03935957304869913"/>
<entry key="101" type="xdouble" value="0.04236157438292195"/>
<entry key="102" type="xdouble" value="0.04236157438292195"/>
<entry key="103" type="xdouble" value="0.044029352901934625"/>
<entry key="104" type="xdouble" value="0.0456971314209473"/>
<entry key="105" type="xdouble" value="0.046030687124749836"/>
<entry key="106" type="xdouble" value="0.051701134089392926"/>
<entry key="107" type="xdouble" value="0.05203468979319546"/>
<entry key="108" type="xdouble" value="0.05203468979319546"/>
<entry key="109" type="xdouble" value="0.05203468979319546"/>
<entry key="110" type="xdouble" value="0.052368245496998"/>
<entry key="111" type="xdouble" value="0.052701801200800535"/>
<entry key="112" type="xdouble" value="0.05303535690460307"/>
<entry key="113" type="xdouble" value="0.05303535690460307"/>
<entry key="114" type="xdouble" value="0.05370246831220814"/>
<entry key="115" type="xdouble" value="0.054036024016010674"/>
<entry key="116" type="xdouble" value="0.058038692461641096"/>
<entry key="117" type="xdouble" value="0.058372248165443626"/>
<entry key="118" type="xdouble" value="0.058372248165443626"/>
<entry key="119" type="xdouble" value="0.05870580386924616"/>
<entry key="120" type="xdouble" value="0.06237491661107405"/>
<entry key="121" type="xdouble" value="0.066711140760507"/>
<entry key="122" type="xdouble" value="0.066711140760507"/>
<entry key="123" type="xdouble" value="0.06937958639092728"/>
<entry key="124" type="xdouble" value="0.06971314209472981"/>
<entry key="125" type="xdouble" value="0.07071380920613743"/>
<entry key="126" type="xdouble" value="0.07071380920613743"/>
<entry key="127" type="xdouble" value="0.07104736490993996"/>
<entry key="128" type="xdouble" value="0.0713809206137425"/>
<entry key="129" type="xdouble" value="0.07171447631754503"/>
<entry key="130" type="xdouble" value="0.07204803202134756"/>
<entry key="131" type="xdouble" value="0.07204803202134756"/>
<entry key="132" type="xdouble" value="0.07204803202134756"/>
<entry key="133" type="xdouble" value="0.07304869913275518"/>
<entry key="134" type="xdouble" value="0.07304869913275518"/>
<entry key="135" type="xdouble" value="0.07304869913275518"/>
<entry key="136" type="xdouble" value="0.07538358905937291"/>
<entry key="137" type="xdouble" value="0.07571714476317545"/>
<entry key="138" type="xdouble" value="0.07605070046697798"/>
<entry key="139" type="xdouble" value="0.07605070046697798"/>
<entry key="140" type="xdouble" value="0.08105403602401601"/>
<entry key="141" type="xdouble" value="0.08172114743162108"/>
<entry key="142" type="xdouble" value="0.08172114743162108"/>
<entry key="143" type="xdouble" value="0.08172114743162108"/>
<entry key="144" type="xdouble" value="0.08338892595063375"/>
<entry key="145" type="xdouble" value="0.08605737158105403"/>
<entry key="146" type="xdouble" value="0.09106070713809206"/>
<entry key="147" type="xdouble" value="0.0913942628418946"/>
<entry key="148" type="xdouble" value="0.09172781854569713"/>
<entry key="149" type="xdouble" value="0.09206137424949967"/>
<entry key="150" type="xdouble" value="0.0923949299533022"/>
<entry key="151" type="xdouble" value="0.0923949299533022"/>
<entry key="152" type="xdouble" value="0.0923949299533022"/>
<entry key="153" type="xdouble" value="0.09673115410273515"/>
<entry key="154" type="xdouble" value="0.0970647098065377"/>
<entry key="155" type="xdouble" value="0.0970647098065377"/>
<entry key="156" type="xdouble" value="0.0970647098065377"/>
<entry key="157" type="xdouble" value="0.09739826551034023"/>
<entry key="158" type="xdouble" value="0.09773182121414276"/>
<entry key="159" type="xdouble" value="0.0980653769179453"/>
<entry key="160" type="xdouble" value="0.09839893262174783"/>
<entry key="161" type="xdouble" value="0.09839893262174783"/>
<entry key="162" type="xdouble" value="0.09839893262174783"/>
<entry key="163" type="xdouble" value="0.11174116077384923"/>
<entry key="164" type="xdouble" value="0.11207471647765177"/>
<entry key="165" type="xdouble" value="0.1124082721814543"/>
<entry key="166" type="xdouble" value="0.12508338892595064"/>
<entry key="167" type="xdouble" value="0.12508338892595064"/>
<entry key="168" type="xdouble" value="0.12508338892595064"/>
<entry key="169" type="xdouble" value="0.12508338892595064"/>
<entry key="170" type="xdouble" value="0.12508338892595064"/>
<entry key="171" type="xdouble" value="0.1257505003335557"/>
<entry key="172" type="xdouble" value="0.12641761174116078"/>
<entry key="173" type="xdouble" value="0.12641761174116078"/>
<entry key="174" type="xdouble" value="0.12708472314876584"/>
<entry key="175" type="xdouble" value="0.12708472314876584"/>
<entry key="176" type="xdouble" value="0.12741827885256837"/>
<entry key="177" type="xdouble" value="0.1277518345563709"/>
<entry key="178" type="xdouble" value="0.1277518345563709"/>
<entry key="179" type="xdouble" value="0.12808539026017346"/>
<entry key="180" type="xdouble" value="0.1304202801867912"/>
<entry key="181" type="xdouble" value="0.13075383589059372"/>
<entry key="182" type="xdouble" value="0.13175450300200134"/>
<entry key="183" type="xdouble" value="0.13208805870580387"/>
<entry key="184" type="xdouble" value="0.13642428285523683"/>
<entry key="185" type="xdouble" value="0.13642428285523683"/>
<entry key="186" type="xdouble" value="0.13675783855903936"/>
<entry key="187" type="xdouble" value="0.1370913942628419"/>
<entry key="188" type="xdouble" value="0.13742494996664442"/>
<entry key="189" type="xdouble" value="0.13775850567044695"/>
<entry key="190" type="xdouble" value="0.13842561707805204"/>
<entry key="191" type="xdouble" value="0.14442961974649768"/>
<entry key="192" type="xdouble" value="0.14509673115410274"/>
<entry key="193" type="xdouble" value="0.14509673115410274"/>
<entry key="194" type="xdouble" value="0.14543028685790527"/>
<entry key="195" type="xdouble" value="0.1457638425617078"/>
<entry key="196" type="xdouble" value="0.14609739826551035"/>
<entry key="197" type="xdouble" value="0.1467645096731154"/>
<entry key="198" type="xdouble" value="0.14876584389593062"/>
<entry key="199" type="xdouble" value="0.15443629086057373"/>
<entry key="200" type="xdouble" value="0.15510340226817879"/>
<entry key="201" type="xdouble" value="0.15743829219479652"/>
<entry key="202" type="xdouble" value="0.15843895930620414"/>
<entry key="203" type="xdouble" value="0.15877251501000667"/>
<entry key="204" type="xdouble" value="0.15877251501000667"/>
<entry key="205" type="xdouble" value="0.1591060707138092"/>
<entry key="206" type="xdouble" value="0.15943962641761175"/>
<entry key="207" type="xdouble" value="0.16210807204803201"/>
<entry key="208" type="xdouble" value="0.16244162775183454"/>
<entry key="209" type="xdouble" value="0.16244162775183454"/>
<entry key="210" type="xdouble" value="0.16244162775183454"/>
<entry key="211" type="xdouble" value="0.1627751834556371"/>
<entry key="212" type="xdouble" value="0.1627751834556371"/>
<entry key="213" type="xdouble" value="0.1627751834556371"/>
<entry key="214" type="xdouble" value="0.1627751834556371"/>
<entry key="215" type="xdouble" value="0.1627751834556371"/>
<entry key="216" type="xdouble" value="0.16444296197464978"/>
<entry key="217" type="xdouble" value="0.1647765176784523"/>
<entry key="218" type="xdouble" value="0.1647765176784523"/>
<entry key="219" type="xdouble" value="0.16511007338225483"/>
<entry key="220" type="xdouble" value="0.16644429619746498"/>
<entry key="221" type="xdouble" value="0.16644429619746498"/>
<entry key="222" type="xdouble" value="0.16644429619746498"/>
<entry key="223" type="xdouble" value="0.16777851901267513"/>
<entry key="224" type="xdouble" value="0.17478318879252835"/>
<entry key="225" type="xdouble" value="0.17478318879252835"/>
<entry key="226" type="xdouble" value="0.1761174116077385"/>
<entry key="227" type="xdouble" value="0.17645096731154103"/>
<entry key="228" type="xdouble" value="0.17645096731154103"/>
<entry key="229" type="xdouble" value="0.17645096731154103"/>
<entry key="230" type="xdouble" value="0.17878585723815876"/>
<entry key="231" type="xdouble" value="0.17978652434956638"/>
<entry key="232" type="xdouble" value="0.180787191460974"/>
<entry key="233" type="xdouble" value="0.19479653102068045"/>
<entry key="234" type="xdouble" value="0.19479653102068045"/>
<entry key="235" type="xdouble" value="0.19513008672448298"/>
<entry key="236" type="xdouble" value="0.19513008672448298"/>
<entry key="237" type="xdouble" value="0.19513008672448298"/>
<entry key="238" type="xdouble" value="0.19513008672448298"/>
<entry key="239" type="xdouble" value="0.19513008672448298"/>
<entry key="240" type="xdouble" value="0.19513008672448298"/>
<entry key="241" type="xdouble" value="0.19679786524349566"/>
<entry key="242" type="xdouble" value="0.19713142094729819"/>
<entry key="243" type="xdouble" value="0.19713142094729819"/>
<entry key="244" type="xdouble" value="0.19746497665110074"/>
<entry key="245" type="xdouble" value="0.19779853235490327"/>
<entry key="246" type="xdouble" value="0.19846564376250833"/>
<entry key="247" type="xdouble" value="0.19846564376250833"/>
<entry key="248" type="xdouble" value="0.19879919946631086"/>
<entry key="249" type="xdouble" value="0.20146764509673115"/>
<entry key="250" type="xdouble" value="0.20146764509673115"/>
<entry key="251" type="xdouble" value="0.20980653769179453"/>
<entry key="252" type="xdouble" value="0.20980653769179453"/>
<entry key="253" type="xdouble" value="0.21014009339559706"/>
<entry key="254" type="xdouble" value="0.21014009339559706"/>
<entry key="255" type="xdouble" value="0.21014009339559706"/>
<entry key="256" type="xdouble" value="0.21014009339559706"/>
<entry key="257" type="xdouble" value="0.2104736490993996"/>
<entry key="258" type="xdouble" value="0.2104736490993996"/>
<entry key="259" type="xdouble" value="0.21114076050700467"/>
<entry key="260" type="xdouble" value="0.2114743162108072"/>
<entry key="261" type="xdouble" value="0.21314209472981988"/>
<entry key="262" type="xdouble" value="0.21314209472981988"/>
<entry key="263" type="xdouble" value="0.21380920613742496"/>
<entry key="264" type="xdouble" value="0.21380920613742496"/>
<entry key="265" type="xdouble" value="0.2141427618412275"/>
<entry key="266" type="xdouble" value="0.21447631754503002"/>
<entry key="267" type="xdouble" value="0.21480987324883255"/>
<entry key="268" type="xdouble" value="0.21480987324883255"/>
<entry key="269" type="xdouble" value="0.21480987324883255"/>
<entry key="270" type="xdouble" value="0.21480987324883255"/>
<entry key="271" type="xdouble" value="0.2171447631754503"/>
<entry key="272" type="xdouble" value="0.21947965310206805"/>
<entry key="273" type="xdouble" value="0.22414943295530354"/>
<entry key="274" type="xdouble" value="0.22448298865910607"/>
<entry key="275" type="xdouble" value="0.2248165443629086"/>
<entry key="276" type="xdouble" value="0.2274849899933289"/>
<entry key="277" type="xdouble" value="0.2274849899933289"/>
<entry key="278" type="xdouble" value="0.2274849899933289"/>
<entry key="279" type="xdouble" value="0.22815210140093395"/>
<entry key="280" type="xdouble" value="0.2294863242161441"/>
<entry key="281" type="xdouble" value="0.2294863242161441"/>
<entry key="282" type="xdouble" value="0.23082054703135424"/>
<entry key="283" type="xdouble" value="0.23115410273515677"/>
<entry key="284" type="xdouble" value="0.23115410273515677"/>
<entry key="285" type="xdouble" value="0.2314876584389593"/>
<entry key="286" type="xdouble" value="0.23949299533022014"/>
<entry key="287" type="xdouble" value="0.23949299533022014"/>
<entry key="288" type="xdouble" value="0.23982655103402267"/>
<entry key="289" type="xdouble" value="0.2408272181454303"/>
<entry key="290" type="xdouble" value="0.2418278852568379"/>
<entry key="291" type="xdouble" value="0.2418278852568379"/>
<entry key="292" type="xdouble" value="0.2418278852568379"/>
<entry key="293" type="xdouble" value="0.24216144096064043"/>
<entry key="294" type="xdouble" value="0.2428285523682455"/>
<entry key="295" type="xdouble" value="0.24316210807204802"/>
<entry key="296" type="xdouble" value="0.24449633088725817"/>
<entry key="297" type="xdouble" value="0.2458305537024683"/>
<entry key="298" type="xdouble" value="0.24883255503669113"/>
<entry key="299" type="xdouble" value="0.25216811207471646"/>
<entry key="300" type="xdouble" value="0.25216811207471646"/>
<entry key="301" type="xdouble" value="0.25283522348232157"/>
<entry key="302" type="xdouble" value="0.25316877918612407"/>
<entry key="303" type="xdouble" value="0.25383589059372913"/>
<entry key="304" type="xdouble" value="0.25583722481654436"/>
<entry key="305" type="xdouble" value="0.25883922615076715"/>
<entry key="306" type="xdouble" value="0.2638425617078052"/>
<entry key="307" type="xdouble" value="0.2645096731154103"/>
<entry key="308" type="xdouble" value="0.26517678452301535"/>
<entry key="309" type="xdouble" value="0.26551034022681785"/>
<entry key="310" type="xdouble" value="0.26551034022681785"/>
<entry key="311" type="xdouble" value="0.26617745163442297"/>
<entry key="312" type="xdouble" value="0.26617745163442297"/>
<entry key="313" type="xdouble" value="0.26651100733822547"/>
<entry key="314" type="xdouble" value="0.26651100733822547"/>
<entry key="315" type="xdouble" value="0.2741827885256838"/>
<entry key="316" type="xdouble" value="0.27451634422948634"/>
<entry key="317" type="xdouble" value="0.27484989993328884"/>
<entry key="318" type="xdouble" value="0.2755170113408939"/>
<entry key="319" type="xdouble" value="0.27751834556370913"/>
<entry key="320" type="xdouble" value="0.2808539026017345"/>
<entry key="321" type="xdouble" value="0.2808539026017345"/>
<entry key="322" type="xdouble" value="0.2831887925283522"/>
<entry key="323" type="xdouble" value="0.2831887925283522"/>
<entry key="324" type="xdouble" value="0.2875250166777852"/>
<entry key="325" type="xdouble" value="0.28785857238158774"/>
<entry key="326" type="xdouble" value="0.28819212808539024"/>
<entry key="327" type="xdouble" value="0.28885923949299536"/>
<entry key="328" type="xdouble" value="0.28885923949299536"/>
<entry key="329" type="xdouble" value="0.2911941294196131"/>
<entry key="330" type="xdouble" value="0.2911941294196131"/>
<entry key="331" type="xdouble" value="0.2915276851234156"/>
<entry key="332" type="xdouble" value="0.2921947965310207"/>
<entry key="333" type="xdouble" value="0.2935290193462308"/>
<entry key="334" type="xdouble" value="0.2941961307538359"/>
<entry key="335" type="xdouble" value="0.29486324216144094"/>
<entry key="336" type="xdouble" value="0.2965310206804536"/>
<entry key="337" type="xdouble" value="0.29719813208805873"/>
<entry key="338" type="xdouble" value="0.29719813208805873"/>
<entry key="339" type="xdouble" value="0.29719813208805873"/>
<entry key="340" type="xdouble" value="0.2978652434956638"/>
<entry key="341" type="xdouble" value="0.29853235490326885"/>
<entry key="342" type="xdouble" value="0.29986657771847897"/>
<entry key="343" type="xdouble" value="0.3002001334222815"/>
<entry key="344" type="xdouble" value="0.3002001334222815"/>
<entry key="345" type="xdouble" value="0.3085390260173449"/>
<entry key="346" type="xdouble" value="0.3085390260173449"/>
<entry key="347" type="xdouble" value="0.31487658438959304"/>
<entry key="348" type="xdouble" value="0.31587725150100066"/>
<entry key="349" type="xdouble" value="0.3228819212808539"/>
<entry key="350" type="xdouble" value="0.3248832555036691"/>
<entry key="351" type="xdouble" value="0.3352234823215477"/>
<entry key="352" type="xdouble" value="0.33555703802535025"/>
<entry key="353" type="xdouble" value="0.33589059372915275"/>
<entry key="354" type="xdouble" value="0.33855903935957304"/>
<entry key="355" type="xdouble" value="0.3388925950633756"/>
<entry key="356" type="xdouble" value="0.34523015343562374"/>
<entry key="357" type="xdouble" value="0.3468979319546364"/>
<entry key="358" type="xdouble" value="0.3535690460306871"/>
<entry key="359" type="xdouble" value="0.3539026017344897"/>
<entry key="360" type="xdouble" value="0.3539026017344897"/>
<entry key="361" type="xdouble" value="0.35456971314209473"/>
<entry key="362" type="xdouble" value="0.3549032688458973"/>
<entry key="363" type="xdouble" value="0.3552368245496998"/>
<entry key="364" type="xdouble" value="0.3642428285523682"/>
<entry key="365" type="xdouble" value="0.3645763842561708"/>
<entry key="366" type="xdouble" value="0.3645763842561708"/>
<entry key="367" type="xdouble" value="0.36490993995997334"/>
<entry key="368" type="xdouble" value="0.36490993995997334"/>
<entry key="369" type="xdouble" value="0.3659106070713809"/>
<entry key="370" type="xdouble" value="0.3695797198132088"/>
<entry key="371" type="xdouble" value="0.36991327551701136"/>
<entry key="372" type="xdouble" value="0.3705803869246164"/>
<entry key="373" type="xdouble" value="0.3709139426284189"/>
<entry key="374" type="xdouble" value="0.3712474983322215"/>
<entry key="375" type="xdouble" value="0.37158105403602404"/>
<entry key="376" type="xdouble" value="0.37291527685123416"/>
<entry key="377" type="xdouble" value="0.38225483655770515"/>
<entry key="378" type="xdouble" value="0.38225483655770515"/>
<entry key="379" type="xdouble" value="0.38325550366911276"/>
<entry key="380" type="xdouble" value="0.38325550366911276"/>
<entry key="381" type="xdouble" value="0.39426284189459637"/>
<entry key="382" type="xdouble" value="0.3989326217478319"/>
<entry key="383" type="xdouble" value="0.40060040026684457"/>
<entry key="384" type="xdouble" value="0.40060040026684457"/>
<entry key="385" type="xdouble" value="0.40093395597064707"/>
<entry key="386" type="xdouble" value="0.4092728485657105"/>
<entry key="387" type="xdouble" value="0.41394262841894597"/>
<entry key="388" type="xdouble" value="0.41394262841894597"/>
<entry key="389" type="xdouble" value="0.414609739826551"/>
<entry key="390" type="xdouble" value="0.4149432955303536"/>
<entry key="391" type="xdouble" value="0.4199466310873916"/>
<entry key="392" type="xdouble" value="0.4226150767178119"/>
<entry key="393" type="xdouble" value="0.4229486324216144"/>
<entry key="394" type="xdouble" value="0.42328218812541696"/>
<entry key="395" type="xdouble" value="0.42328218812541696"/>
<entry key="396" type="xdouble" value="0.42361574382921946"/>
<entry key="397" type="xdouble" value="0.423949299533022"/>
<entry key="398" type="xdouble" value="0.423949299533022"/>
<entry key="399" type="xdouble" value="0.4419613075383589"/>
<entry key="400" type="xdouble" value="0.44329553035356906"/>
<entry key="401" type="xdouble" value="0.44362908605737156"/>
<entry key="402" type="xdouble" value="0.4439626417611741"/>
<entry key="403" type="xdouble" value="0.44896597731821214"/>
<entry key="404" type="xdouble" value="0.44996664442961976"/>
<entry key="405" type="xdouble" value="0.44996664442961976"/>
<entry key="406" type="xdouble" value="0.45263509006004005"/>
<entry key="407" type="xdouble" value="0.4533022014676451"/>
<entry key="408" type="xdouble" value="0.4533022014676451"/>
<entry key="409" type="xdouble" value="0.4683122081387592"/>
<entry key="410" type="xdouble" value="0.47398265510340226"/>
<entry key="411" type="xdouble" value="0.4746497665110073"/>
<entry key="412" type="xdouble" value="0.4749833222148099"/>
<entry key="413" type="xdouble" value="0.47531687791861243"/>
<entry key="414" type="xdouble" value="0.4759839893262175"/>
<entry key="415" type="xdouble" value="0.4759839893262175"/>
<entry key="416" type="xdouble" value="0.4769846564376251"/>
<entry key="417" type="xdouble" value="0.4773182121414276"/>
<entry key="418" type="xdouble" value="0.47765176784523017"/>
<entry key="419" type="xdouble" value="0.4783188792528352"/>
<entry key="420" type="xdouble" value="0.4786524349566378"/>
<entry key="421" type="xdouble" value="0.48632421614409604"/>
<entry key="422" type="xdouble" value="0.5010006671114076"/>
<entry key="423" type="xdouble" value="0.5043362241494329"/>
<entry key="424" type="xdouble" value="0.505003335557038"/>
<entry key="425" type="xdouble" value="0.5053368912608406"/>
<entry key="426" type="xdouble" value="0.5056704469646431"/>
<entry key="427" type="xdouble" value="0.5060040026684456"/>
<entry key="428" type="xdouble" value="0.5060040026684456"/>
<entry key="429" type="xdouble" value="0.5066711140760507"/>
<entry key="430" type="xdouble" value="0.5073382254836558"/>
<entry key="431" type="xdouble" value="0.5073382254836558"/>
<entry key="432" type="xdouble" value="0.5076717811874583"/>
<entry key="433" type="xdouble" value="0.5083388925950634"/>
<entry key="434" type="xdouble" value="0.5250166777851901"/>
<entry key="435" type="xdouble" value="0.5260173448965977"/>
<entry key="436" type="xdouble" value="0.5270180120080054"/>
<entry key="437" type="xdouble" value="0.5273515677118079"/>
<entry key="438" type="xdouble" value="0.5276851234156104"/>
<entry key="439" type="xdouble" value="0.5303535690460307"/>
<entry key="440" type="xdouble" value="0.5306871247498333"/>
<entry key="441" type="xdouble" value="0.5310206804536357"/>
<entry key="442" type="xdouble" value="0.5333555703802535"/>
<entry key="443" type="xdouble" value="0.533689126084056"/>
<entry key="444" type="xdouble" value="0.533689126084056"/>
<entry key="445" type="xdouble" value="0.533689126084056"/>
<entry key="446" type="xdouble" value="0.5343562374916611"/>
<entry key="447" type="xdouble" value="0.5350233488992662"/>
<entry key="448" type="xdouble" value="0.5350233488992662"/>
<entry key="449" type="xdouble" value="0.5363575717144763"/>
<entry key="450" type="xdouble" value="0.5533689126084056"/>
<entry key="451" type="xdouble" value="0.5553702468312208"/>
<entry key="452" type="xdouble" value="0.5553702468312208"/>
<entry key="453" type="xdouble" value="0.5553702468312208"/>
<entry key="454" type="xdouble" value="0.5557038025350234"/>
<entry key="455" type="xdouble" value="0.5613742494996664"/>
<entry key="456" type="xdouble" value="0.5623749166110741"/>
<entry key="457" type="xdouble" value="0.5637091394262842"/>
<entry key="458" type="xdouble" value="0.5637091394262842"/>
<entry key="459" type="xdouble" value="0.5653769179452969"/>
<entry key="460" type="xdouble" value="0.566711140760507"/>
<entry key="461" type="xdouble" value="0.5670446964643095"/>
<entry key="462" type="xdouble" value="0.5737158105403602"/>
<entry key="463" type="xdouble" value="0.576717811874583"/>
<entry key="464" type="xdouble" value="0.5770513675783856"/>
<entry key="465" type="xdouble" value="0.5780520346897932"/>
<entry key="466" type="xdouble" value="0.5790527018012008"/>
<entry key="467" type="xdouble" value="0.5807204803202135"/>
<entry key="468" type="xdouble" value="0.5810540360240161"/>
<entry key="469" type="xdouble" value="0.5947298198799199"/>
<entry key="470" type="xdouble" value="0.604736490993996"/>
<entry key="471" type="xdouble" value="0.6114076050700467"/>
<entry key="472" type="xdouble" value="0.6114076050700467"/>
<entry key="473" type="xdouble" value="0.614743162108072"/>
<entry key="474" type="xdouble" value="0.614743162108072"/>
<entry key="475" type="xdouble" value="0.6150767178118746"/>
<entry key="476" type="xdouble" value="0.6150767178118746"/>
<entry key="477" type="xdouble" value="0.6154102735156771"/>
<entry key="478" type="xdouble" value="0.6167444963308872"/>
<entry key="479" type="xdouble" value="0.6167444963308872"/>
<entry key="480" type="xdouble" value="0.6237491661107405"/>
<entry key="481" type="xdouble" value="0.6260840560373583"/>
<entry key="482" type="xdouble" value="0.6297531687791861"/>
<entry key="483" type="xdouble" value="0.6297531687791861"/>
<entry key="484" type="xdouble" value="0.6344229486324217"/>
<entry key="485" type="xdouble" value="0.6344229486324217"/>
<entry key="486" type="xdouble" value="0.6390927284856571"/>
<entry key="487" type="xdouble" value="0.6394262841894597"/>
<entry key="488" type="xdouble" value="0.6400933955970647"/>
<entry key="489" type="xdouble" value="0.6410940627084724"/>
<entry key="490" type="xdouble" value="0.6414276184122748"/>
<entry key="491" type="xdouble" value="0.6437625083388926"/>
<entry key="492" type="xdouble" value="0.6440960640426951"/>
<entry key="493" type="xdouble" value="0.6474316210807205"/>
<entry key="494" type="xdouble" value="0.6477651767845231"/>
<entry key="495" type="xdouble" value="0.6480987324883255"/>
<entry key="496" type="xdouble" value="0.6484322881921281"/>
<entry key="497" type="xdouble" value="0.6494329553035357"/>
<entry key="498" type="xdouble" value="0.652101400933956"/>
<entry key="499" type="xdouble" value="0.6554369579719813"/>
<entry key="500" type="xdouble" value="0.6557705136757839"/>
<entry key="501" type="xdouble" value="0.6607738492328219"/>
<entry key="502" type="xdouble" value="0.6611074049366245"/>
<entry key="503" type="xdouble" value="0.6617745163442295"/>
<entry key="504" type="xdouble" value="0.662108072048032"/>
<entry key="505" type="xdouble" value="0.6634422948632421"/>
<entry key="506" type="xdouble" value="0.6637758505670447"/>
<entry key="507" type="xdouble" value="0.6641094062708472"/>
<entry key="508" type="xdouble" value="0.6691127418278853"/>
<entry key="509" type="xdouble" value="0.6727818545697132"/>
<entry key="510" type="xdouble" value="0.6734489659773182"/>
<entry key="511" type="xdouble" value="0.6747831887925283"/>
<entry key="512" type="xdouble" value="0.6754503002001334"/>
<entry key="513" type="xdouble" value="0.675783855903936"/>
<entry key="514" type="xdouble" value="0.6761174116077385"/>
<entry key="515" type="xdouble" value="0.6801200800533689"/>
<entry key="516" type="xdouble" value="0.6804536357571714"/>
<entry key="517" type="xdouble" value="0.680787191460974"/>
<entry key="518" type="xdouble" value="0.686457638425617"/>
<entry key="519" type="xdouble" value="0.6867911941294196"/>
<entry key="520" type="xdouble" value="0.6867911941294196"/>
<entry key="521" type="xdouble" value="0.6871247498332221"/>
<entry key="522" type="xdouble" value="0.6881254169446298"/>
<entry key="523" type="xdouble" value="0.6891260840560374"/>
<entry key="524" type="xdouble" value="0.6897931954636425"/>
<entry key="525" type="xdouble" value="0.6921280853902602"/>
<entry key="526" type="xdouble" value="0.6947965310206805"/>
<entry key="527" type="xdouble" value="0.6947965310206805"/>
<entry key="528" type="xdouble" value="0.6981320880587059"/>
<entry key="529" type="xdouble" value="0.6981320880587059"/>
<entry key="530" type="xdouble" value="0.6987991994663109"/>
<entry key="531" type="xdouble" value="0.6997998665777185"/>
<entry key="532" type="xdouble" value="0.700133422281521"/>
<entry key="533" type="xdouble" value="0.7008005336891261"/>
<entry key="534" type="xdouble" value="0.7104736490993996"/>
<entry key="535" type="xdouble" value="0.7104736490993996"/>
<entry key="536" type="xdouble" value="0.7108072048032021"/>
<entry key="537" type="xdouble" value="0.7134756504336224"/>
<entry key="538" type="xdouble" value="0.7138092061374249"/>
<entry key="539" type="xdouble" value="0.7168112074716477"/>
<entry key="540" type="xdouble" value="0.7174783188792528"/>
<entry key="541" type="xdouble" value="0.718145430286858"/>
<entry key="542" type="xdouble" value="0.7194796531020681"/>
<entry key="543" type="xdouble" value="0.7198132088058706"/>
<entry key="544" type="xdouble" value="0.7201467645096731"/>
<entry key="545" type="xdouble" value="0.7208138759172782"/>
<entry key="546" type="xdouble" value="0.7218145430286858"/>
<entry key="547" type="xdouble" value="0.7221480987324883"/>
<entry key="548" type="xdouble" value="0.723815877251501"/>
<entry key="549" type="xdouble" value="0.7248165443629087"/>
<entry key="550" type="xdouble" value="0.7251501000667111"/>
<entry key="551" type="xdouble" value="0.7258172114743162"/>
<entry key="552" type="xdouble" value="0.7261507671781188"/>
<entry key="553" type="xdouble" value="0.7268178785857238"/>
<entry key="554" type="xdouble" value="0.7274849899933289"/>
<entry key="555" type="xdouble" value="0.7348232154769847"/>
<entry key="556" type="xdouble" value="0.7348232154769847"/>
<entry key="557" type="xdouble" value="0.7351567711807871"/>
<entry key="558" type="xdouble" value="0.7351567711807871"/>
<entry key="559" type="xdouble" value="0.7354903268845897"/>
<entry key="560" type="xdouble" value="0.7358238825883923"/>
<entry key="561" type="xdouble" value="0.7361574382921948"/>
<entry key="562" type="xdouble" value="0.7364909939959974"/>
<entry key="563" type="xdouble" value="0.7368245496997998"/>
<entry key="564" type="xdouble" value="0.7388258839226151"/>
<entry key="565" type="xdouble" value="0.7391594396264176"/>
<entry key="566" type="xdouble" value="0.7391594396264176"/>
<entry key="567" type="xdouble" value="0.7401601067378252"/>
<entry key="568" type="xdouble" value="0.7421614409606404"/>
<entry key="569" type="xdouble" value="0.742494996664443"/>
<entry key="570" type="xdouble" value="0.7428285523682455"/>
<entry key="571" type="xdouble" value="0.7431621080720481"/>
<entry key="572" type="xdouble" value="0.7441627751834556"/>
<entry key="573" type="xdouble" value="0.7448298865910608"/>
<entry key="574" type="xdouble" value="0.7451634422948632"/>
<entry key="575" type="xdouble" value="0.747498332221481"/>
<entry key="576" type="xdouble" value="0.7481654436290861"/>
<entry key="577" type="xdouble" value="0.7484989993328885"/>
<entry key="578" type="xdouble" value="0.7484989993328885"/>
<entry key="579" type="xdouble" value="0.7488325550366911"/>
<entry key="580" type="xdouble" value="0.7645096731154103"/>
<entry key="581" type="xdouble" value="0.7751834556370913"/>
<entry key="582" type="xdouble" value="0.7755170113408939"/>
<entry key="583" type="xdouble" value="0.7775183455637091"/>
<entry key="584" type="xdouble" value="0.7791861240827218"/>
<entry key="585" type="xdouble" value="0.7795196797865244"/>
<entry key="586" type="xdouble" value="0.7798532354903269"/>
<entry key="587" type="xdouble" value="0.781187458305537"/>
<entry key="588" type="xdouble" value="0.781854569713142"/>
<entry key="589" type="xdouble" value="0.7825216811207472"/>
<entry key="590" type="xdouble" value="0.7831887925283523"/>
<entry key="591" type="xdouble" value="0.8312208138759173"/>
<entry key="592" type="xdouble" value="0.8312208138759173"/>
<entry key="593" type="xdouble" value="0.8322214809873248"/>
<entry key="594" type="xdouble" value="0.83288859239493"/>
<entry key="595" type="xdouble" value="0.8332221480987325"/>
<entry key="596" type="xdouble" value="0.8338892595063375"/>
<entry key="597" type="xdouble" value="0.8352234823215477"/>
<entry key="598" type="xdouble" value="0.8368912608405604"/>
<entry key="599" type="xdouble" value="0.8375583722481654"/>
<entry key="600" type="xdouble" value="0.8402268178785858"/>
<entry key="601" type="xdouble" value="0.8408939292861908"/>
<entry key="602" type="xdouble" value="0.8418945963975984"/>
<entry key="603" type="xdouble" value="0.842895263509006"/>
<entry key="604" type="xdouble" value="0.8448965977318212"/>
<entry key="605" type="xdouble" value="0.8495663775850567"/>
<entry key="606" type="xdouble" value="0.8495663775850567"/>
<entry key="607" type="xdouble" value="0.8498999332888593"/>
<entry key="608" type="xdouble" value="0.8505670446964643"/>
<entry key="609" type="xdouble" value="0.8662441627751835"/>
<entry key="610" type="xdouble" value="0.8662441627751835"/>
<entry key="611" type="xdouble" value="0.8669112741827886"/>
<entry key="612" type="xdouble" value="0.867244829886591"/>
<entry key="613" type="xdouble" value="0.8679119412941961"/>
<entry key="614" type="xdouble" value="0.8682454969979987"/>
<entry key="615" type="xdouble" value="0.8685790527018012"/>
<entry key="616" type="xdouble" value="0.8695797198132088"/>
<entry key="617" type="xdouble" value="0.8719146097398266"/>
<entry key="618" type="xdouble" value="0.8965977318212142"/>
<entry key="619" type="xdouble" value="0.9029352901934623"/>
<entry key="620" type="xdouble" value="0.9042695130086724"/>
<entry key="621" type="xdouble" value="0.904603068712475"/>
<entry key="622" type="xdouble" value="0.9082721814543029"/>
<entry key="623" type="xdouble" value="0.9159439626417611"/>
<entry key="624" type="xdouble" value="0.9222815210140093"/>
<entry key="625" type="xdouble" value="0.9226150767178118"/>
<entry key="626" type="xdouble" value="0.9229486324216144"/>
<entry key="627" type="xdouble" value="0.923282188125417"/>
<entry key="628" type="xdouble" value="0.923949299533022"/>
<entry key="629" type="xdouble" value="0.9242828552368245"/>
<entry key="630" type="xdouble" value="0.9249499666444296"/>
<entry key="631" type="xdouble" value="0.9256170780520346"/>
<entry key="632" type="xdouble" value="0.9302868579052702"/>
<entry key="633" type="xdouble" value="0.9686457638425617"/>
<entry key="634" type="xdouble" value="0.9693128752501667"/>
<entry key="635" type="xdouble" value="0.970647098065377"/>
<entry key="636" type="xdouble" value="0.9709806537691794"/>
<entry key="637" type="xdouble" value="0.971314209472982"/>
<entry key="638" type="xdouble" value="0.9719813208805871"/>
<entry key="639" type="xdouble" value="0.9739826551034023"/>
<entry key="640" type="xdouble" value="0.97631754503002"/>
<entry key="641" type="xdouble" value="0.97631754503002"/>
<entry key="642" type="xdouble" value="0.9766511007338226"/>
<entry key="643" type="xdouble" value="0.9853235490326885"/>
<entry key="644" type="xdouble" value="0.985657104736491"/>
<entry key="645" type="xdouble" value="0.986324216144096"/>
<entry key="646" type="xdouble" value="0.9869913275517012"/>
<entry key="647" type="xdouble" value="0.9879919946631087"/>
<entry key="648" type="xdouble" value="0.9893262174783188"/>
<entry key="649" type="xdouble" value="0.989993328885924"/>
<entry key="650" type="xdouble" value="0.9903268845897265"/>
<entry key="651" type="xdouble" value="0.9906604402935291"/>
<entry key="652" type="xdouble" value="0.9916611074049366"/>
<entry key="653" type="xdouble" value="0.9919946631087392"/>
<entry key="654" type="xdouble" value="0.9926617745163442"/>
<entry key="655" type="xdouble" value="0.9933288859239493"/>
<entry key="656" type="xdouble" value="0.9936624416277519"/>
<entry key="657" type="xdouble" value="0.9939959973315544"/>
<entry key="658" type="xdouble" value="0.9943295530353569"/>
<entry key="659" type="xdouble" value="0.9979986657771848"/>
<entry key="660" type="xdouble" value="0.9989993328885924"/>
<entry key="661" type="xdouble" value="1.0"/>
</config>
<config key="y_values">
<entry key="array-size" type="xint" value="662"/>
<entry key="0" type="xdouble" value="0.0"/>
<entry key="1" type="xdouble" value="3.4698126301179735E-4"/>
<entry key="2" type="xdouble" value="6.939625260235947E-4"/>
<entry key="3" type="xdouble" value="0.001040943789035392"/>
<entry key="4" type="xdouble" value="0.003122831367106176"/>
<entry key="5" type="xdouble" value="0.003816793893129771"/>
<entry key="6" type="xdouble" value="0.003816793893129771"/>
<entry key="7" type="xdouble" value="0.004857737682165163"/>
<entry key="8" type="xdouble" value="0.004857737682165163"/>
<entry key="9" type="xdouble" value="0.005551700208188758"/>
<entry key="10" type="xdouble" value="0.005898681471200555"/>
<entry key="11" type="xdouble" value="0.006939625260235947"/>
<entry key="12" type="xdouble" value="0.007286606523247745"/>
<entry key="13" type="xdouble" value="0.008327550312283136"/>
<entry key="14" type="xdouble" value="0.009715475364330326"/>
<entry key="15" type="xdouble" value="0.011103400416377515"/>
<entry key="16" type="xdouble" value="0.01457321304649549"/>
<entry key="17" type="xdouble" value="0.015267175572519083"/>
<entry key="18" type="xdouble" value="0.015961138098542677"/>
<entry key="19" type="xdouble" value="0.015961138098542677"/>
<entry key="20" type="xdouble" value="0.016308119361554477"/>
<entry key="21" type="xdouble" value="0.016308119361554477"/>
<entry key="22" type="xdouble" value="0.016655100624566273"/>
<entry key="23" type="xdouble" value="0.02532963219986121"/>
<entry key="24" type="xdouble" value="0.025676613462873005"/>
<entry key="25" type="xdouble" value="0.03539208882720333"/>
<entry key="26" type="xdouble" value="0.03573907009021513"/>
<entry key="27" type="xdouble" value="0.03573907009021513"/>
<entry key="28" type="xdouble" value="0.0392088827203331"/>
<entry key="29" type="xdouble" value="0.040943789035392086"/>
<entry key="30" type="xdouble" value="0.04129077029840389"/>
<entry key="31" type="xdouble" value="0.042678695350451074"/>
<entry key="32" type="xdouble" value="0.04371963913948647"/>
<entry key="33" type="xdouble" value="0.04580152671755725"/>
<entry key="34" type="xdouble" value="0.04753643303261624"/>
<entry key="35" type="xdouble" value="0.05725190839694656"/>
<entry key="36" type="xdouble" value="0.05829285218598196"/>
<entry key="37" type="xdouble" value="0.058639833448993754"/>
<entry key="38" type="xdouble" value="0.059333795975017346"/>
<entry key="39" type="xdouble" value="0.059333795975017346"/>
<entry key="40" type="xdouble" value="0.05968077723802915"/>
<entry key="41" type="xdouble" value="0.06210964607911173"/>
<entry key="42" type="xdouble" value="0.06315058986814712"/>
<entry key="43" type="xdouble" value="0.06419153365718251"/>
<entry key="44" type="xdouble" value="0.0652324774462179"/>
<entry key="45" type="xdouble" value="0.0659264399722415"/>
<entry key="46" type="xdouble" value="0.06800832755031229"/>
<entry key="47" type="xdouble" value="0.07217210270645386"/>
<entry key="48" type="xdouble" value="0.07251908396946564"/>
<entry key="49" type="xdouble" value="0.07564191533657183"/>
<entry key="50" type="xdouble" value="0.07702984038861901"/>
<entry key="51" type="xdouble" value="0.0777238029146426"/>
<entry key="52" type="xdouble" value="0.07807078417765441"/>
<entry key="53" type="xdouble" value="0.0798056904927134"/>
<entry key="54" type="xdouble" value="0.0798056904927134"/>
<entry key="55" type="xdouble" value="0.08015267175572519"/>
<entry key="56" type="xdouble" value="0.08084663428174879"/>
<entry key="57" type="xdouble" value="0.08119361554476058"/>
<entry key="58" type="xdouble" value="0.08223455933379598"/>
<entry key="59" type="xdouble" value="0.08362248438584316"/>
<entry key="60" type="xdouble" value="0.08431644691186677"/>
<entry key="61" type="xdouble" value="0.08466342817487855"/>
<entry key="62" type="xdouble" value="0.08535739070090215"/>
<entry key="63" type="xdouble" value="0.08535739070090215"/>
<entry key="64" type="xdouble" value="0.08605135322692574"/>
<entry key="65" type="xdouble" value="0.08639833448993754"/>
<entry key="66" type="xdouble" value="0.08743927827897294"/>
<entry key="67" type="xdouble" value="0.08778625954198473"/>
<entry key="68" type="xdouble" value="0.08813324080499653"/>
<entry key="69" type="xdouble" value="0.08848022206800833"/>
<entry key="70" type="xdouble" value="0.0912560721721027"/>
<entry key="71" type="xdouble" value="0.0922970159611381"/>
<entry key="72" type="xdouble" value="0.0926439972241499"/>
<entry key="73" type="xdouble" value="0.09333795975017349"/>
<entry key="74" type="xdouble" value="0.0936849410131853"/>
<entry key="75" type="xdouble" value="0.09403192227619708"/>
<entry key="76" type="xdouble" value="0.09576682859125607"/>
<entry key="77" type="xdouble" value="0.09576682859125607"/>
<entry key="78" type="xdouble" value="0.09611380985426787"/>
<entry key="79" type="xdouble" value="0.09680777238029147"/>
<entry key="80" type="xdouble" value="0.09680777238029147"/>
<entry key="81" type="xdouble" value="0.09750173490631506"/>
<entry key="82" type="xdouble" value="0.10201249132546843"/>
<entry key="83" type="xdouble" value="0.10235947258848022"/>
<entry key="84" type="xdouble" value="0.10270645385149202"/>
<entry key="85" type="xdouble" value="0.10305343511450382"/>
<entry key="86" type="xdouble" value="0.10340041637751561"/>
<entry key="87" type="xdouble" value="0.10582928521859819"/>
<entry key="88" type="xdouble" value="0.10617626648161"/>
<entry key="89" type="xdouble" value="0.1065232477446218"/>
<entry key="90" type="xdouble" value="0.10756419153365718"/>
<entry key="91" type="xdouble" value="0.12630117973629423"/>
<entry key="92" type="xdouble" value="0.12664816099930604"/>
<entry key="93" type="xdouble" value="0.13671061762664816"/>
<entry key="94" type="xdouble" value="0.13671061762664816"/>
<entry key="95" type="xdouble" value="0.1433032616238723"/>
<entry key="96" type="xdouble" value="0.1443442054129077"/>
<entry key="97" type="xdouble" value="0.1460791117279667"/>
<entry key="98" type="xdouble" value="0.14642609299097847"/>
<entry key="99" type="xdouble" value="0.14677307425399028"/>
<entry key="100" type="xdouble" value="0.14712005551700208"/>
<entry key="101" type="xdouble" value="0.15301873698820265"/>
<entry key="102" type="xdouble" value="0.15440666204024983"/>
<entry key="103" type="xdouble" value="0.15579458709229702"/>
<entry key="104" type="xdouble" value="0.1589174184594032"/>
<entry key="105" type="xdouble" value="0.16308119361554477"/>
<entry key="106" type="xdouble" value="0.1717557251908397"/>
<entry key="107" type="xdouble" value="0.17453157529493407"/>
<entry key="108" type="xdouble" value="0.17591950034698126"/>
<entry key="109" type="xdouble" value="0.17626648160999306"/>
<entry key="110" type="xdouble" value="0.17730742539902844"/>
<entry key="111" type="xdouble" value="0.17765440666204024"/>
<entry key="112" type="xdouble" value="0.17973629424011103"/>
<entry key="113" type="xdouble" value="0.18181818181818182"/>
<entry key="114" type="xdouble" value="0.183206106870229"/>
<entry key="115" type="xdouble" value="0.183206106870229"/>
<entry key="116" type="xdouble" value="0.20229007633587787"/>
<entry key="117" type="xdouble" value="0.20263705759888967"/>
<entry key="118" type="xdouble" value="0.20298403886190144"/>
<entry key="119" type="xdouble" value="0.20506592643997223"/>
<entry key="120" type="xdouble" value="0.21963913948646774"/>
<entry key="121" type="xdouble" value="0.22588480222068008"/>
<entry key="122" type="xdouble" value="0.2265787647467037"/>
<entry key="123" type="xdouble" value="0.23213046495489242"/>
<entry key="124" type="xdouble" value="0.23421235253296321"/>
<entry key="125" type="xdouble" value="0.23490631505898682"/>
<entry key="126" type="xdouble" value="0.23525329632199862"/>
<entry key="127" type="xdouble" value="0.2359472588480222"/>
<entry key="128" type="xdouble" value="0.2376821651630812"/>
<entry key="129" type="xdouble" value="0.23976405274115198"/>
<entry key="130" type="xdouble" value="0.24045801526717558"/>
<entry key="131" type="xdouble" value="0.24184594031922277"/>
<entry key="132" type="xdouble" value="0.24219292158223457"/>
<entry key="133" type="xdouble" value="0.24566273421235255"/>
<entry key="134" type="xdouble" value="0.24600971547536432"/>
<entry key="135" type="xdouble" value="0.2477446217904233"/>
<entry key="136" type="xdouble" value="0.2505204718945177"/>
<entry key="137" type="xdouble" value="0.25225537820957666"/>
<entry key="138" type="xdouble" value="0.25225537820957666"/>
<entry key="139" type="xdouble" value="0.25260235947258847"/>
<entry key="140" type="xdouble" value="0.260235947258848"/>
<entry key="141" type="xdouble" value="0.26197085357390704"/>
<entry key="142" type="xdouble" value="0.2626648160999306"/>
<entry key="143" type="xdouble" value="0.2630117973629424"/>
<entry key="144" type="xdouble" value="0.2650936849410132"/>
<entry key="145" type="xdouble" value="0.27133934767522555"/>
<entry key="146" type="xdouble" value="0.28348369188063843"/>
<entry key="147" type="xdouble" value="0.28348369188063843"/>
<entry key="148" type="xdouble" value="0.28452463566967384"/>
<entry key="149" type="xdouble" value="0.28487161693268565"/>
<entry key="150" type="xdouble" value="0.28487161693268565"/>
<entry key="151" type="xdouble" value="0.28521859819569745"/>
<entry key="152" type="xdouble" value="0.2866065232477446"/>
<entry key="153" type="xdouble" value="0.2921582234559334"/>
<entry key="154" type="xdouble" value="0.2921582234559334"/>
<entry key="155" type="xdouble" value="0.29354614850798055"/>
<entry key="156" type="xdouble" value="0.29389312977099236"/>
<entry key="157" type="xdouble" value="0.2959750173490632"/>
<entry key="158" type="xdouble" value="0.2970159611380985"/>
<entry key="159" type="xdouble" value="0.29840388619014574"/>
<entry key="160" type="xdouble" value="0.29840388619014574"/>
<entry key="161" type="xdouble" value="0.29875086745315754"/>
<entry key="162" type="xdouble" value="0.29944482997918115"/>
<entry key="163" type="xdouble" value="0.32685634975711314"/>
<entry key="164" type="xdouble" value="0.3282442748091603"/>
<entry key="165" type="xdouble" value="0.3285912560721721"/>
<entry key="166" type="xdouble" value="0.35981956974323387"/>
<entry key="167" type="xdouble" value="0.3608605135322693"/>
<entry key="168" type="xdouble" value="0.3612074947952811"/>
<entry key="169" type="xdouble" value="0.36190145732130463"/>
<entry key="170" type="xdouble" value="0.36224843858431643"/>
<entry key="171" type="xdouble" value="0.36224843858431643"/>
<entry key="172" type="xdouble" value="0.36294240111034004"/>
<entry key="173" type="xdouble" value="0.36328938237335184"/>
<entry key="174" type="xdouble" value="0.36398334489937545"/>
<entry key="175" type="xdouble" value="0.36467730742539906"/>
<entry key="176" type="xdouble" value="0.3671061762664816"/>
<entry key="177" type="xdouble" value="0.3671061762664816"/>
<entry key="178" type="xdouble" value="0.3674531575294934"/>
<entry key="179" type="xdouble" value="0.3674531575294934"/>
<entry key="180" type="xdouble" value="0.37196391394864675"/>
<entry key="181" type="xdouble" value="0.37231089521165855"/>
<entry key="182" type="xdouble" value="0.3743927827897294"/>
<entry key="183" type="xdouble" value="0.3747397640527412"/>
<entry key="184" type="xdouble" value="0.37682165163081194"/>
<entry key="185" type="xdouble" value="0.37716863289382374"/>
<entry key="186" type="xdouble" value="0.37786259541984735"/>
<entry key="187" type="xdouble" value="0.3795975017349063"/>
<entry key="188" type="xdouble" value="0.3795975017349063"/>
<entry key="189" type="xdouble" value="0.3795975017349063"/>
<entry key="190" type="xdouble" value="0.3802914642609299"/>
<entry key="191" type="xdouble" value="0.3983344899375434"/>
<entry key="192" type="xdouble" value="0.39902845246356694"/>
<entry key="193" type="xdouble" value="0.39937543372657874"/>
<entry key="194" type="xdouble" value="0.40111034004163776"/>
<entry key="195" type="xdouble" value="0.40180430256766136"/>
<entry key="196" type="xdouble" value="0.40180430256766136"/>
<entry key="197" type="xdouble" value="0.4024982650936849"/>
<entry key="198" type="xdouble" value="0.4059680777238029"/>
<entry key="199" type="xdouble" value="0.41325468424705064"/>
<entry key="200" type="xdouble" value="0.41325468424705064"/>
<entry key="201" type="xdouble" value="0.41464260929909785"/>
<entry key="202" type="xdouble" value="0.41880638445523943"/>
<entry key="203" type="xdouble" value="0.41915336571825124"/>
<entry key="204" type="xdouble" value="0.41950034698126304"/>
<entry key="205" type="xdouble" value="0.4201943095072866"/>
<entry key="206" type="xdouble" value="0.4205412907702984"/>
<entry key="207" type="xdouble" value="0.4257460097154754"/>
<entry key="208" type="xdouble" value="0.42678695350451074"/>
<entry key="209" type="xdouble" value="0.42713393476752254"/>
<entry key="210" type="xdouble" value="0.42748091603053434"/>
<entry key="211" type="xdouble" value="0.42748091603053434"/>
<entry key="212" type="xdouble" value="0.42852185981956975"/>
<entry key="213" type="xdouble" value="0.42886884108258155"/>
<entry key="214" type="xdouble" value="0.42921582234559336"/>
<entry key="215" type="xdouble" value="0.42956280360860516"/>
<entry key="216" type="xdouble" value="0.4323386537126995"/>
<entry key="217" type="xdouble" value="0.4323386537126995"/>
<entry key="218" type="xdouble" value="0.43268563497571133"/>
<entry key="219" type="xdouble" value="0.43303261623872313"/>
<entry key="220" type="xdouble" value="0.4351145038167939"/>
<entry key="221" type="xdouble" value="0.4354614850798057"/>
<entry key="222" type="xdouble" value="0.4361554476058293"/>
<entry key="223" type="xdouble" value="0.4389312977099237"/>
<entry key="224" type="xdouble" value="0.4444829979181124"/>
<entry key="225" type="xdouble" value="0.4448299791811242"/>
<entry key="226" type="xdouble" value="0.4458709229701596"/>
<entry key="227" type="xdouble" value="0.44691186675919503"/>
<entry key="228" type="xdouble" value="0.4476058292852186"/>
<entry key="229" type="xdouble" value="0.4479528105482304"/>
<entry key="230" type="xdouble" value="0.45523941707147814"/>
<entry key="231" type="xdouble" value="0.45593337959750174"/>
<entry key="232" type="xdouble" value="0.45628036086051355"/>
<entry key="233" type="xdouble" value="0.4722414989590562"/>
<entry key="234" type="xdouble" value="0.4729354614850798"/>
<entry key="235" type="xdouble" value="0.4729354614850798"/>
<entry key="236" type="xdouble" value="0.47432338653712697"/>
<entry key="237" type="xdouble" value="0.4750173490631506"/>
<entry key="238" type="xdouble" value="0.4753643303261624"/>
<entry key="239" type="xdouble" value="0.476058292852186"/>
<entry key="240" type="xdouble" value="0.4764052741151978"/>
<entry key="241" type="xdouble" value="0.47848716169326855"/>
<entry key="242" type="xdouble" value="0.47848716169326855"/>
<entry key="243" type="xdouble" value="0.47918112421929215"/>
<entry key="244" type="xdouble" value="0.47952810548230396"/>
<entry key="245" type="xdouble" value="0.47952810548230396"/>
<entry key="246" type="xdouble" value="0.48022206800832756"/>
<entry key="247" type="xdouble" value="0.48056904927133937"/>
<entry key="248" type="xdouble" value="0.48056904927133937"/>
<entry key="249" type="xdouble" value="0.48265093684941013"/>
<entry key="250" type="xdouble" value="0.48299791811242193"/>
<entry key="251" type="xdouble" value="0.49236641221374045"/>
<entry key="252" type="xdouble" value="0.49271339347675225"/>
<entry key="253" type="xdouble" value="0.49306037473976405"/>
<entry key="254" type="xdouble" value="0.49375433726578766"/>
<entry key="255" type="xdouble" value="0.49479528105482307"/>
<entry key="256" type="xdouble" value="0.4954892435808466"/>
<entry key="257" type="xdouble" value="0.4961832061068702"/>
<entry key="258" type="xdouble" value="0.496530187369882"/>
<entry key="259" type="xdouble" value="0.49722414989590563"/>
<entry key="260" type="xdouble" value="0.49722414989590563"/>
<entry key="261" type="xdouble" value="0.5013879250520472"/>
<entry key="262" type="xdouble" value="0.501734906315059"/>
<entry key="263" type="xdouble" value="0.5027758501040944"/>
<entry key="264" type="xdouble" value="0.5034698126301179"/>
<entry key="265" type="xdouble" value="0.5048577376821651"/>
<entry key="266" type="xdouble" value="0.5048577376821651"/>
<entry key="267" type="xdouble" value="0.5048577376821651"/>
<entry key="268" type="xdouble" value="0.5052047189451769"/>
<entry key="269" type="xdouble" value="0.5058986814712005"/>
<entry key="270" type="xdouble" value="0.5072866065232478"/>
<entry key="271" type="xdouble" value="0.5111034004163775"/>
<entry key="272" type="xdouble" value="0.5152671755725191"/>
<entry key="273" type="xdouble" value="0.5218598195697433"/>
<entry key="274" type="xdouble" value="0.5225537820957669"/>
<entry key="275" type="xdouble" value="0.5229007633587787"/>
<entry key="276" type="xdouble" value="0.525676613462873"/>
<entry key="277" type="xdouble" value="0.5263705759888966"/>
<entry key="278" type="xdouble" value="0.5267175572519084"/>
<entry key="279" type="xdouble" value="0.5284524635669674"/>
<entry key="280" type="xdouble" value="0.5312283136710617"/>
<entry key="281" type="xdouble" value="0.5315752949340735"/>
<entry key="282" type="xdouble" value="0.5329632199861207"/>
<entry key="283" type="xdouble" value="0.5329632199861207"/>
<entry key="284" type="xdouble" value="0.5333102012491325"/>
<entry key="285" type="xdouble" value="0.5336571825121443"/>
<entry key="286" type="xdouble" value="0.5489243580846634"/>
<entry key="287" type="xdouble" value="0.549618320610687"/>
<entry key="288" type="xdouble" value="0.549618320610687"/>
<entry key="289" type="xdouble" value="0.5506592643997225"/>
<entry key="290" type="xdouble" value="0.5520471894517696"/>
<entry key="291" type="xdouble" value="0.5523941707147814"/>
<entry key="292" type="xdouble" value="0.553088133240805"/>
<entry key="293" type="xdouble" value="0.5534351145038168"/>
<entry key="294" type="xdouble" value="0.5544760582928522"/>
<entry key="295" type="xdouble" value="0.5544760582928522"/>
<entry key="296" type="xdouble" value="0.5562109646079112"/>
<entry key="297" type="xdouble" value="0.5562109646079112"/>
<entry key="298" type="xdouble" value="0.5596807772380291"/>
<entry key="299" type="xdouble" value="0.5607217210270645"/>
<entry key="300" type="xdouble" value="0.5610687022900763"/>
<entry key="301" type="xdouble" value="0.5610687022900763"/>
<entry key="302" type="xdouble" value="0.5610687022900763"/>
<entry key="303" type="xdouble" value="0.5617626648160999"/>
<entry key="304" type="xdouble" value="0.5628036086051353"/>
<entry key="305" type="xdouble" value="0.5693962526023595"/>
<entry key="306" type="xdouble" value="0.5728660652324774"/>
<entry key="307" type="xdouble" value="0.573560027758501"/>
<entry key="308" type="xdouble" value="0.5759888965995836"/>
<entry key="309" type="xdouble" value="0.5763358778625954"/>
<entry key="310" type="xdouble" value="0.5766828591256072"/>
<entry key="311" type="xdouble" value="0.5787647467036781"/>
<entry key="312" type="xdouble" value="0.5791117279666897"/>
<entry key="313" type="xdouble" value="0.5791117279666897"/>
<entry key="314" type="xdouble" value="0.5798056904927134"/>
<entry key="315" type="xdouble" value="0.5909090909090909"/>
<entry key="316" type="xdouble" value="0.5912560721721027"/>
<entry key="317" type="xdouble" value="0.5916030534351145"/>
<entry key="318" type="xdouble" value="0.5916030534351145"/>
<entry key="319" type="xdouble" value="0.5933379597501734"/>
<entry key="320" type="xdouble" value="0.5957668285912561"/>
<entry key="321" type="xdouble" value="0.5961138098542679"/>
<entry key="322" type="xdouble" value="0.5985426786953505"/>
<entry key="323" type="xdouble" value="0.5988896599583623"/>
<entry key="324" type="xdouble" value="0.6072172102706453"/>
<entry key="325" type="xdouble" value="0.6075641915336571"/>
<entry key="326" type="xdouble" value="0.607911172796669"/>
<entry key="327" type="xdouble" value="0.607911172796669"/>
<entry key="328" type="xdouble" value="0.6082581540596808"/>
<entry key="329" type="xdouble" value="0.6155447605829285"/>
<entry key="330" type="xdouble" value="0.6158917418459403"/>
<entry key="331" type="xdouble" value="0.6172796668979875"/>
<entry key="332" type="xdouble" value="0.6179736294240111"/>
<entry key="333" type="xdouble" value="0.6183206106870229"/>
<entry key="334" type="xdouble" value="0.6190145732130465"/>
<entry key="335" type="xdouble" value="0.6200555170020818"/>
<entry key="336" type="xdouble" value="0.6207494795281054"/>
<entry key="337" type="xdouble" value="0.6210964607911172"/>
<entry key="338" type="xdouble" value="0.621443442054129"/>
<entry key="339" type="xdouble" value="0.6221374045801527"/>
<entry key="340" type="xdouble" value="0.6228313671061763"/>
<entry key="341" type="xdouble" value="0.6228313671061763"/>
<entry key="342" type="xdouble" value="0.6249132546842471"/>
<entry key="343" type="xdouble" value="0.6249132546842471"/>
<entry key="344" type="xdouble" value="0.6252602359472589"/>
<entry key="345" type="xdouble" value="0.6304649548924358"/>
<entry key="346" type="xdouble" value="0.6311589174184594"/>
<entry key="347" type="xdouble" value="0.63705759888966"/>
<entry key="348" type="xdouble" value="0.6384455239417072"/>
<entry key="349" type="xdouble" value="0.6464260929909785"/>
<entry key="350" type="xdouble" value="0.6478140180430256"/>
<entry key="351" type="xdouble" value="0.6547536433032616"/>
<entry key="352" type="xdouble" value="0.6554476058292852"/>
<entry key="353" type="xdouble" value="0.6554476058292852"/>
<entry key="354" type="xdouble" value="0.659264399722415"/>
<entry key="355" type="xdouble" value="0.659264399722415"/>
<entry key="356" type="xdouble" value="0.6658570437196392"/>
<entry key="357" type="xdouble" value="0.6682859125607217"/>
<entry key="358" type="xdouble" value="0.6752255378209576"/>
<entry key="359" type="xdouble" value="0.676266481609993"/>
<entry key="360" type="xdouble" value="0.6766134628730048"/>
<entry key="361" type="xdouble" value="0.6773074253990284"/>
<entry key="362" type="xdouble" value="0.6773074253990284"/>
<entry key="363" type="xdouble" value="0.6776544066620402"/>
<entry key="364" type="xdouble" value="0.6891047883414295"/>
<entry key="365" type="xdouble" value="0.6891047883414295"/>
<entry key="366" type="xdouble" value="0.6894517696044413"/>
<entry key="367" type="xdouble" value="0.6908396946564885"/>
<entry key="368" type="xdouble" value="0.6911866759195003"/>
<entry key="369" type="xdouble" value="0.6915336571825121"/>
<entry key="370" type="xdouble" value="0.6956974323386537"/>
<entry key="371" type="xdouble" value="0.6960444136016655"/>
<entry key="372" type="xdouble" value="0.6960444136016655"/>
<entry key="373" type="xdouble" value="0.6974323386537127"/>
<entry key="374" type="xdouble" value="0.6974323386537127"/>
<entry key="375" type="xdouble" value="0.6974323386537127"/>
<entry key="376" type="xdouble" value="0.6991672449687717"/>
<entry key="377" type="xdouble" value="0.7088827203331021"/>
<entry key="378" type="xdouble" value="0.7092297015961138"/>
<entry key="379" type="xdouble" value="0.7099236641221374"/>
<entry key="380" type="xdouble" value="0.7102706453851492"/>
<entry key="381" type="xdouble" value="0.7165163081193615"/>
<entry key="382" type="xdouble" value="0.7182512144344205"/>
<entry key="383" type="xdouble" value="0.7199861207494795"/>
<entry key="384" type="xdouble" value="0.7203331020124913"/>
<entry key="385" type="xdouble" value="0.721027064538515"/>
<entry key="386" type="xdouble" value="0.7265787647467037"/>
<entry key="387" type="xdouble" value="0.7300485773768216"/>
<entry key="388" type="xdouble" value="0.7307425399028452"/>
<entry key="389" type="xdouble" value="0.7314365024288688"/>
<entry key="390" type="xdouble" value="0.7314365024288688"/>
<entry key="391" type="xdouble" value="0.7401110340041638"/>
<entry key="392" type="xdouble" value="0.7439278278972935"/>
<entry key="393" type="xdouble" value="0.7439278278972935"/>
<entry key="394" type="xdouble" value="0.7449687716863289"/>
<entry key="395" type="xdouble" value="0.7453157529493407"/>
<entry key="396" type="xdouble" value="0.7453157529493407"/>
<entry key="397" type="xdouble" value="0.7456627342123525"/>
<entry key="398" type="xdouble" value="0.7460097154753643"/>
<entry key="399" type="xdouble" value="0.7581540596807772"/>
<entry key="400" type="xdouble" value="0.7609299097848716"/>
<entry key="401" type="xdouble" value="0.7609299097848716"/>
<entry key="402" type="xdouble" value="0.7609299097848716"/>
<entry key="403" type="xdouble" value="0.7640527411519777"/>
<entry key="404" type="xdouble" value="0.7643997224149895"/>
<entry key="405" type="xdouble" value="0.7647467036780013"/>
<entry key="406" type="xdouble" value="0.7661346287300486"/>
<entry key="407" type="xdouble" value="0.7668285912560722"/>
<entry key="408" type="xdouble" value="0.7675225537820958"/>
<entry key="409" type="xdouble" value="0.7741151977793199"/>
<entry key="410" type="xdouble" value="0.7782789729354614"/>
<entry key="411" type="xdouble" value="0.778972935461485"/>
<entry key="412" type="xdouble" value="0.7793199167244969"/>
<entry key="413" type="xdouble" value="0.7793199167244969"/>
<entry key="414" type="xdouble" value="0.7793199167244969"/>
<entry key="415" type="xdouble" value="0.7796668979875087"/>
<entry key="416" type="xdouble" value="0.7831367106176267"/>
<entry key="417" type="xdouble" value="0.7831367106176267"/>
<entry key="418" type="xdouble" value="0.7834836918806385"/>
<entry key="419" type="xdouble" value="0.7834836918806385"/>
<entry key="420" type="xdouble" value="0.7834836918806385"/>
<entry key="421" type="xdouble" value="0.7938931297709924"/>
<entry key="422" type="xdouble" value="0.8049965301873698"/>
<entry key="423" type="xdouble" value="0.8074253990284525"/>
<entry key="424" type="xdouble" value="0.8077723802914643"/>
<entry key="425" type="xdouble" value="0.8077723802914643"/>
<entry key="426" type="xdouble" value="0.8108952116585705"/>
<entry key="427" type="xdouble" value="0.8119361554476058"/>
<entry key="428" type="xdouble" value="0.8122831367106176"/>
<entry key="429" type="xdouble" value="0.8122831367106176"/>
<entry key="430" type="xdouble" value="0.8126301179736294"/>
<entry key="431" type="xdouble" value="0.8129770992366412"/>
<entry key="432" type="xdouble" value="0.8129770992366412"/>
<entry key="433" type="xdouble" value="0.813324080499653"/>
<entry key="434" type="xdouble" value="0.8299791811242193"/>
<entry key="435" type="xdouble" value="0.8303261623872311"/>
<entry key="436" type="xdouble" value="0.8317140874392783"/>
<entry key="437" type="xdouble" value="0.8320610687022901"/>
<entry key="438" type="xdouble" value="0.8324080499653018"/>
<entry key="439" type="xdouble" value="0.835530881332408"/>
<entry key="440" type="xdouble" value="0.835530881332408"/>
<entry key="441" type="xdouble" value="0.8362248438584317"/>
<entry key="442" type="xdouble" value="0.8369188063844553"/>
<entry key="443" type="xdouble" value="0.8369188063844553"/>
<entry key="444" type="xdouble" value="0.8372657876474671"/>
<entry key="445" type="xdouble" value="0.8376127689104789"/>
<entry key="446" type="xdouble" value="0.8376127689104789"/>
<entry key="447" type="xdouble" value="0.8383067314365025"/>
<entry key="448" type="xdouble" value="0.8386537126995143"/>
<entry key="449" type="xdouble" value="0.8410825815405968"/>
<entry key="450" type="xdouble" value="0.8560027758501041"/>
<entry key="451" type="xdouble" value="0.8563497571131159"/>
<entry key="452" type="xdouble" value="0.8577376821651631"/>
<entry key="453" type="xdouble" value="0.8580846634281749"/>
<entry key="454" type="xdouble" value="0.8580846634281749"/>
<entry key="455" type="xdouble" value="0.8632893823733518"/>
<entry key="456" type="xdouble" value="0.8657182512144345"/>
<entry key="457" type="xdouble" value="0.8657182512144345"/>
<entry key="458" type="xdouble" value="0.8660652324774463"/>
<entry key="459" type="xdouble" value="0.8674531575294934"/>
<entry key="460" type="xdouble" value="0.8678001387925052"/>
<entry key="461" type="xdouble" value="0.8678001387925052"/>
<entry key="462" type="xdouble" value="0.8684941013185288"/>
<entry key="463" type="xdouble" value="0.8691880638445524"/>
<entry key="464" type="xdouble" value="0.8695350451075642"/>
<entry key="465" type="xdouble" value="0.8705759888965996"/>
<entry key="466" type="xdouble" value="0.8719639139486468"/>
<entry key="467" type="xdouble" value="0.8719639139486468"/>
<entry key="468" type="xdouble" value="0.8723108952116586"/>
<entry key="469" type="xdouble" value="0.8795975017349064"/>
<entry key="470" type="xdouble" value="0.8875780707841776"/>
<entry key="471" type="xdouble" value="0.8931297709923665"/>
<entry key="472" type="xdouble" value="0.8934767522553783"/>
<entry key="473" type="xdouble" value="0.8948646773074254"/>
<entry key="474" type="xdouble" value="0.895558639833449"/>
<entry key="475" type="xdouble" value="0.895558639833449"/>
<entry key="476" type="xdouble" value="0.8962526023594726"/>
<entry key="477" type="xdouble" value="0.8965995836224844"/>
<entry key="478" type="xdouble" value="0.897293546148508"/>
<entry key="479" type="xdouble" value="0.8976405274115198"/>
<entry key="480" type="xdouble" value="0.9011103400416377"/>
<entry key="481" type="xdouble" value="0.9014573213046495"/>
<entry key="482" type="xdouble" value="0.9045801526717557"/>
<entry key="483" type="xdouble" value="0.9049271339347675"/>
<entry key="484" type="xdouble" value="0.9087439278278973"/>
<entry key="485" type="xdouble" value="0.9090909090909091"/>
<entry key="486" type="xdouble" value="0.9139486467730743"/>
<entry key="487" type="xdouble" value="0.9139486467730743"/>
<entry key="488" type="xdouble" value="0.9146426092990978"/>
<entry key="489" type="xdouble" value="0.9146426092990978"/>
<entry key="490" type="xdouble" value="0.9146426092990978"/>
<entry key="491" type="xdouble" value="0.9146426092990978"/>
<entry key="492" type="xdouble" value="0.9149895905621096"/>
<entry key="493" type="xdouble" value="0.9163775156141568"/>
<entry key="494" type="xdouble" value="0.9170714781401804"/>
<entry key="495" type="xdouble" value="0.9170714781401804"/>
<entry key="496" type="xdouble" value="0.9170714781401804"/>
<entry key="497" type="xdouble" value="0.9170714781401804"/>
<entry key="498" type="xdouble" value="0.9174184594031922"/>
<entry key="499" type="xdouble" value="0.9212352532963219"/>
<entry key="500" type="xdouble" value="0.9215822345593337"/>
<entry key="501" type="xdouble" value="0.9267869535045108"/>
<entry key="502" type="xdouble" value="0.9271339347675226"/>
<entry key="503" type="xdouble" value="0.9288688410825815"/>
<entry key="504" type="xdouble" value="0.9292158223455933"/>
<entry key="505" type="xdouble" value="0.9299097848716169"/>
<entry key="506" type="xdouble" value="0.9299097848716169"/>
<entry key="507" type="xdouble" value="0.9299097848716169"/>
<entry key="508" type="xdouble" value="0.9309507286606523"/>
<entry key="509" type="xdouble" value="0.9347675225537821"/>
<entry key="510" type="xdouble" value="0.9351145038167938"/>
<entry key="511" type="xdouble" value="0.9351145038167938"/>
<entry key="512" type="xdouble" value="0.9358084663428174"/>
<entry key="513" type="xdouble" value="0.9361554476058292"/>
<entry key="514" type="xdouble" value="0.9361554476058292"/>
<entry key="515" type="xdouble" value="0.9392782789729355"/>
<entry key="516" type="xdouble" value="0.9392782789729355"/>
<entry key="517" type="xdouble" value="0.9392782789729355"/>
<entry key="518" type="xdouble" value="0.9465648854961832"/>
<entry key="519" type="xdouble" value="0.946911866759195"/>
<entry key="520" type="xdouble" value="0.9472588480222068"/>
<entry key="521" type="xdouble" value="0.9472588480222068"/>
<entry key="522" type="xdouble" value="0.9476058292852186"/>
<entry key="523" type="xdouble" value="0.9486467730742539"/>
<entry key="524" type="xdouble" value="0.9486467730742539"/>
<entry key="525" type="xdouble" value="0.9507286606523248"/>
<entry key="526" type="xdouble" value="0.9541984732824428"/>
<entry key="527" type="xdouble" value="0.9545454545454546"/>
<entry key="528" type="xdouble" value="0.9562803608605135"/>
<entry key="529" type="xdouble" value="0.9569743233865371"/>
<entry key="530" type="xdouble" value="0.9569743233865371"/>
<entry key="531" type="xdouble" value="0.9569743233865371"/>
<entry key="532" type="xdouble" value="0.9573213046495489"/>
<entry key="533" type="xdouble" value="0.9573213046495489"/>
<entry key="534" type="xdouble" value="0.9611380985426787"/>
<entry key="535" type="xdouble" value="0.9614850798056905"/>
<entry key="536" type="xdouble" value="0.9618320610687023"/>
<entry key="537" type="xdouble" value="0.9618320610687023"/>
<entry key="538" type="xdouble" value="0.9625260235947258"/>
<entry key="539" type="xdouble" value="0.9642609299097848"/>
<entry key="540" type="xdouble" value="0.9642609299097848"/>
<entry key="541" type="xdouble" value="0.9642609299097848"/>
<entry key="542" type="xdouble" value="0.9646079111727967"/>
<entry key="543" type="xdouble" value="0.9646079111727967"/>
<entry key="544" type="xdouble" value="0.9646079111727967"/>
<entry key="545" type="xdouble" value="0.9646079111727967"/>
<entry key="546" type="xdouble" value="0.9646079111727967"/>
<entry key="547" type="xdouble" value="0.9649548924358085"/>
<entry key="548" type="xdouble" value="0.9656488549618321"/>
<entry key="549" type="xdouble" value="0.9656488549618321"/>
<entry key="550" type="xdouble" value="0.9656488549618321"/>
<entry key="551" type="xdouble" value="0.9656488549618321"/>
<entry key="552" type="xdouble" value="0.9656488549618321"/>
<entry key="553" type="xdouble" value="0.9656488549618321"/>
<entry key="554" type="xdouble" value="0.9656488549618321"/>
<entry key="555" type="xdouble" value="0.9680777238029147"/>
<entry key="556" type="xdouble" value="0.9684247050659265"/>
<entry key="557" type="xdouble" value="0.9684247050659265"/>
<entry key="558" type="xdouble" value="0.9687716863289383"/>
<entry key="559" type="xdouble" value="0.9687716863289383"/>
<entry key="560" type="xdouble" value="0.9687716863289383"/>
<entry key="561" type="xdouble" value="0.9694656488549618"/>
<entry key="562" type="xdouble" value="0.9694656488549618"/>
<entry key="563" type="xdouble" value="0.9694656488549618"/>
<entry key="564" type="xdouble" value="0.9694656488549618"/>
<entry key="565" type="xdouble" value="0.9694656488549618"/>
<entry key="566" type="xdouble" value="0.9698126301179736"/>
<entry key="567" type="xdouble" value="0.9698126301179736"/>
<entry key="568" type="xdouble" value="0.9698126301179736"/>
<entry key="569" type="xdouble" value="0.9698126301179736"/>
<entry key="570" type="xdouble" value="0.9698126301179736"/>
<entry key="571" type="xdouble" value="0.9698126301179736"/>
<entry key="572" type="xdouble" value="0.9701596113809854"/>
<entry key="573" type="xdouble" value="0.970853573907009"/>
<entry key="574" type="xdouble" value="0.970853573907009"/>
<entry key="575" type="xdouble" value="0.970853573907009"/>
<entry key="576" type="xdouble" value="0.970853573907009"/>
<entry key="577" type="xdouble" value="0.970853573907009"/>
<entry key="578" type="xdouble" value="0.9712005551700208"/>
<entry key="579" type="xdouble" value="0.9712005551700208"/>
<entry key="580" type="xdouble" value="0.9732824427480916"/>
<entry key="581" type="xdouble" value="0.9739764052741152"/>
<entry key="582" type="xdouble" value="0.9739764052741152"/>
<entry key="583" type="xdouble" value="0.9753643303261624"/>
<entry key="584" type="xdouble" value="0.9757113115891742"/>
<entry key="585" type="xdouble" value="0.9757113115891742"/>
<entry key="586" type="xdouble" value="0.9757113115891742"/>
<entry key="587" type="xdouble" value="0.9757113115891742"/>
<entry key="588" type="xdouble" value="0.9757113115891742"/>
<entry key="589" type="xdouble" value="0.9757113115891742"/>
<entry key="590" type="xdouble" value="0.9757113115891742"/>
<entry key="591" type="xdouble" value="0.9882026370575989"/>
<entry key="592" type="xdouble" value="0.9885496183206107"/>
<entry key="593" type="xdouble" value="0.9885496183206107"/>
<entry key="594" type="xdouble" value="0.9888965995836225"/>
<entry key="595" type="xdouble" value="0.9888965995836225"/>
<entry key="596" type="xdouble" value="0.9888965995836225"/>
<entry key="597" type="xdouble" value="0.9892435808466343"/>
<entry key="598" type="xdouble" value="0.9892435808466343"/>
<entry key="599" type="xdouble" value="0.9892435808466343"/>
<entry key="600" type="xdouble" value="0.9892435808466343"/>
<entry key="601" type="xdouble" value="0.9892435808466343"/>
<entry key="602" type="xdouble" value="0.9892435808466343"/>
<entry key="603" type="xdouble" value="0.9892435808466343"/>
<entry key="604" type="xdouble" value="0.9892435808466343"/>
<entry key="605" type="xdouble" value="0.9895905621096461"/>
<entry key="606" type="xdouble" value="0.9899375433726578"/>
<entry key="607" type="xdouble" value="0.9899375433726578"/>
<entry key="608" type="xdouble" value="0.9899375433726578"/>
<entry key="609" type="xdouble" value="0.9909784871616932"/>
<entry key="610" type="xdouble" value="0.991325468424705"/>
<entry key="611" type="xdouble" value="0.9916724496877168"/>
<entry key="612" type="xdouble" value="0.9916724496877168"/>
<entry key="613" type="xdouble" value="0.9920194309507286"/>
<entry key="614" type="xdouble" value="0.9920194309507286"/>
<entry key="615" type="xdouble" value="0.9920194309507286"/>
<entry key="616" type="xdouble" value="0.9920194309507286"/>
<entry key="617" type="xdouble" value="0.9920194309507286"/>
<entry key="618" type="xdouble" value="0.9961832061068703"/>
<entry key="619" type="xdouble" value="0.9965301873698821"/>
<entry key="620" type="xdouble" value="0.9968771686328938"/>
<entry key="621" type="xdouble" value="0.9968771686328938"/>
<entry key="622" type="xdouble" value="0.9972241498959056"/>
<entry key="623" type="xdouble" value="0.9975711311589174"/>
<entry key="624" type="xdouble" value="0.9975711311589174"/>
<entry key="625" type="xdouble" value="0.9975711311589174"/>
<entry key="626" type="xdouble" value="0.9975711311589174"/>
<entry key="627" type="xdouble" value="0.9975711311589174"/>
<entry key="628" type="xdouble" value="0.9975711311589174"/>
<entry key="629" type="xdouble" value="0.9975711311589174"/>
<entry key="630" type="xdouble" value="0.9975711311589174"/>
<entry key="631" type="xdouble" value="0.9975711311589174"/>
<entry key="632" type="xdouble" value="0.9975711311589174"/>
<entry key="633" type="xdouble" value="0.9993060374739764"/>
<entry key="634" type="xdouble" value="0.9993060374739764"/>
<entry key="635" type="xdouble" value="0.9993060374739764"/>
<entry key="636" type="xdouble" value="0.9993060374739764"/>
<entry key="637" type="xdouble" value="0.9993060374739764"/>
<entry key="638" type="xdouble" value="0.9993060374739764"/>
<entry key="639" type="xdouble" value="0.9996530187369882"/>
<entry key="640" type="xdouble" value="0.9996530187369882"/>
<entry key="641" type="xdouble" value="1.0"/>
<entry key="642" type="xdouble" value="1.0"/>
<entry key="643" type="xdouble" value="1.0"/>
<entry key="644" type="xdouble" value="1.0"/>
<entry key="645" type="xdouble" value="1.0"/>
<entry key="646" type="xdouble" value="1.0"/>
<entry key="647" type="xdouble" value="1.0"/>
<entry key="648" type="xdouble" value="1.0"/>
<entry key="649" type="xdouble" value="1.0"/>
<entry key="650" type="xdouble" value="1.0"/>
<entry key="651" type="xdouble" value="1.0"/>
<entry key="652" type="xdouble" value="1.0"/>
<entry key="653" type="xdouble" value="1.0"/>
<entry key="654" type="xdouble" value="1.0"/>
<entry key="655" type="xdouble" value="1.0"/>
<entry key="656" type="xdouble" value="1.0"/>
<entry key="657" type="xdouble" value="1.0"/>
<entry key="658" type="xdouble" value="1.0"/>
<entry key="659" type="xdouble" value="1.0"/>
<entry key="660" type="xdouble" value="1.0"/>
<entry key="661" type="xdouble" value="1.0"/>
</config>
<entry key="name" type="xstring" value="P (EXTRA_BAGGAGE=1)Result_"/>
<entry key="area" type="xdouble" value="0.7290771340042098"/>
<entry key="max_points" type="xint" value="2000"/>
</config>
</config>
<entry key="enableStaggeredRendering" type="xboolean" value="true"/>
<entry key="resizeToWindow" type="xboolean" value="true"/>
<entry key="displayFullscreenButton" type="xboolean" value="true"/>
<entry key="dataAreaColor" type="xstring" value="rgba(230,230,230,1.0)"/>
<entry key="backgroundColor" type="xstring" value="rgba(255,255,255,1.0)"/>
<entry key="gridColor" type="xstring" value="rgba(255,255,255,1.0)"/>
<entry key="lineWidth" type="xint" value="2"/>
<entry key="imageWidth" type="xint" value="800"/>
<entry key="imageHeight" type="xint" value="600"/>
<entry key="showGrid" type="xboolean" value="true"/>
<entry key="showArea" type="xboolean" value="true"/>
<config key="colors"/>
<entry key="showLegend" type="xboolean" value="true"/>
<entry key="enableControls" type="xboolean" value="true"/>
<entry key="enableEditTitle" type="xboolean" value="true"/>
<entry key="enableEditSubtitle" type="xboolean" value="true"/>
<entry key="enableEditXAxisLabel" type="xboolean" value="true"/>
<entry key="enableEditYAxisLabel" type="xboolean" value="true"/>
<entry key="showWarningInView" type="xboolean" value="true"/>
<entry key="hasWarnings" type="xboolean" value="false"/>
<entry key="ignoreMissingValues" type="xboolean" value="false"/>
</config>
